normalized-losses,wheel-base,length,width,height,curb-weight,engine-size,bore,stroke,compression-ratio,peak-rpm,city-mpg,highway-mpg,price,engine-location_rear,aspiration_turbo,fuel-type_gas,num-of-doors_two,body-style_hardtop,body-style_hatchback,body-style_sedan,body-style_wagon,drive-wheels_fwd,drive-wheels_rwd,engine-type_l,engine-type_ohc,engine-type_ohcf,engine-type_ohcv,engine-type_rotor,fuel-system_2bbl,fuel-system_4bbl,fuel-system_idi,fuel-system_mfi,fuel-system_mpfi,fuel-system_spdi,fuel-system_spfi,symboling_-1,symboling_0,symboling_1,symboling_2,symboling_3,num-of-cylinders_five,num-of-cylinders_four,num-of-cylinders_six,num-of-cylinders_three,num-of-cylinders_twelve,num-of-cylinders_two,horsepower_Medium,horsepower_High
0.0,-1.6851071014504144,-0.4394094902759044,-0.8534602385780973,-2.034080714648181,-0.01485764173587552,0.07538912066139358,0.5208944657082615,-1.8299271996570718,-0.29143463936245406,-0.24655572865449354,-0.6522490130673253,-0.5422877155637627,13495.0,False,False,True,True,False,False,False,False,False,True,False,False,False,False,False,False,False,False,False,True,False,False,False,False,False,False,True,False,True,False,False,False,False,False,False
0.0,-1.6851071014504144,-0.4394094902759044,-0.8534602385780973,-2.034080714648181,-0.01485764173587552,0.07538912066139358,0.5208944657082615,-1.8299271996570718,-0.29143463936245406,-0.24655572865449354,-0.6522490130673253,-0.5422877155637627,16500.0,False,False,True,True,False,False,False,False,False,True,False,False,False,False,False,False,False,False,False,True,False,False,False,False,False,False,True,False,True,False,False,False,False,False,False
0.0,-0.7101029486352078,-0.2441523623198482,-0.18559674821136504,-0.5597134852387611,0.5180795074857569,0.606234170923627,-2.4334351880153737,0.6759379132565282,-0.29143463936245406,-0.24655572865449354,-0.9643967550352597,-0.6893860027814634,16500.0,False,False,True,True,False,True,False,False,False,True,False,False,False,True,False,False,False,False,False,True,False,False,False,False,True,False,False,False,False,True,False,False,False,True,False
1.3159313784047242,0.1657482394869256,0.19517617558128297,0.14833499697200106,0.21842477472732055,-0.4237657816841099,-0.4313266091343746,-0.5262097153583443,0.4538992323654488,-0.04112115114839865,0.8018329466071397,-0.1840274001154239,-0.10099285391066044,13950.0,False,False,True,False,False,False,True,False,True,False,False,True,False,False,False,False,False,False,False,True,False,False,False,False,False,True,False,False,True,False,False,False,False,False,False
1.3159313784047242,0.09964626302487915,0.19517617558128297,0.24374406702439233,0.21842477472732055,0.5200174607556538,0.22016504346018448,-0.5262097153583443,0.4538992323654488,-0.5417481275765095,0.8018329466071397,-1.1204706260192268,-1.2777791516522663,17450.0,False,False,True,False,False,False,True,False,False,False,False,True,False,False,False,False,False,False,False,True,False,False,False,False,False,True,False,True,False,False,False,False,False,False,False
0.0,0.1657482394869256,0.25212617123513464,0.1960395319981933,-0.2730309684091507,-0.09431372580164618,0.22016504346018448,-0.5262097153583443,0.4538992323654488,-0.41659138346948177,0.8018329466071397,-0.9643967550352597,-0.8364842899991641,15250.0,False,False,True,True,False,False,True,False,True,False,False,True,False,False,False,False,False,False,False,True,False,False,False,False,False,True,False,True,False,False,False,False,False,False,False
1.1279411814897635,1.1572778864176432,1.5050260756198388,2.6289708183341403,0.7917898083865414,0.5587765261535906,0.22016504346018448,-0.5262097153583443,0.4538992323654488,-0.41659138346948177,0.8018329466071397,-0.9643967550352597,-0.8364842899991641,17710.0,False,False,True,False,False,False,True,False,True,False,False,True,False,False,False,False,False,False,False,True,False,False,False,False,True,False,False,True,False,False,False,False,False,False,False
0.0,1.1572778864176432,1.5050260756198388,2.6289708183341403,0.7917898083865414,0.7719513858422437,0.22016504346018448,-0.5262097153583443,0.4538992323654488,-0.41659138346948177,0.8018329466071397,-0.9643967550352597,-0.8364842899991641,18920.0,False,False,True,False,False,False,False,True,True,False,False,True,False,False,False,False,False,False,False,True,False,False,False,False,True,False,False,True,False,False,False,False,False,False,False
1.1279411814897635,1.1572778864176432,1.5050260756198388,2.6289708183341403,0.8736990989092852,1.0277612174686273,0.09951844112785872,-0.7505891827297598,0.4538992323654488,-0.46665408111229273,0.8018329466071397,-1.2765444970031938,-1.571975726087668,23875.0,False,True,True,False,False,False,True,False,True,False,False,True,False,False,False,False,False,False,False,True,False,False,False,False,True,False,False,True,False,False,False,False,False,True,False
2.1932189640078734,0.397105157104094,0.21144760291095585,-0.5195284933947312,0.21842477472732055,-0.31136449203009287,-0.45545592960083975,0.6330841993939684,-1.4492894609866527,-0.34149733700526497,1.4308661517641197,-0.34010127109939103,-0.2480911411283612,16430.0,False,False,True,True,False,False,True,False,False,True,False,True,False,False,False,False,False,False,False,True,False,False,False,False,False,True,False,False,True,False,False,False,False,False,False
2.1932189640078734,0.397105157104094,0.21144760291095585,-0.5195284933947312,0.21842477472732055,-0.31136449203009287,-0.45545592960083975,0.6330841993939684,-1.4492894609866527,-0.34149733700526497,1.4308661517641197,-0.34010127109939103,-0.2480911411283612,16925.0,False,False,True,False,False,False,True,False,False,True,False,True,False,False,False,False,False,False,False,True,False,False,False,True,False,False,False,False,True,False,False,False,False,False,False
2.0678921660645666,0.397105157104094,0.21144760291095585,-0.5195284933947312,0.21842477472732055,0.2990907879874134,0.8957860165212087,-0.07745078061551325,-0.21221681030778644,-0.29143463936245406,-1.8191387415469435,-0.6522490130673253,-0.3951894283460619,20970.0,False,False,True,True,False,False,True,False,False,True,False,True,False,False,False,False,False,False,False,True,False,False,False,True,False,False,False,False,False,True,False,False,False,True,False
2.0678921660645666,0.397105157104094,0.21144760291095585,-0.5195284933947312,0.21842477472732055,0.4056782178317399,0.8957860165212087,-0.07745078061551325,-0.21221681030778644,-0.29143463936245406,-1.8191387415469435,-0.6522490130673253,-0.3951894283460619,21105.0,False,False,True,False,False,False,True,False,False,True,False,True,False,False,False,False,False,False,False,True,False,False,False,True,False,False,False,False,False,True,False,False,False,True,False
0.0,0.7771915217608686,1.2040046700209168,0.48226674215536713,0.7917898083865414,0.967684666101825,0.8957860165212087,-0.07745078061551325,-0.21221681030778644,-0.29143463936245406,-1.8191387415469435,-0.8083228840512925,-0.8364842899991641,24565.0,False,False,True,False,False,False,True,False,False,True,False,True,False,False,False,False,False,False,False,True,False,False,False,False,True,False,False,False,False,True,False,False,False,True,False
0.0,0.7771915217608686,1.2040046700209168,0.48226674215536713,0.7917898083865414,1.306826488333773,1.9816054375121406,1.0818431341367996,0.42217942080958115,-0.5417481275765095,0.5921552115548131,-1.4326183679871611,-1.2777791516522663,30760.0,False,False,True,False,False,False,True,False,False,True,False,True,False,False,False,False,False,False,False,True,False,False,False,True,False,False,False,False,False,True,False,False,False,True,False
0.0,0.7771915217608686,1.594518925933034,0.9593120924173167,-0.027303096840913615,1.5975194788182998,1.9816054375121406,1.0818431341367996,0.42217942080958115,-0.5417481275765095,0.5921552115548131,-1.4326183679871611,-1.2777791516522663,41315.0,False,False,True,True,False,False,True,False,False,True,False,True,False,False,False,False,False,False,False,True,False,False,False,True,False,False,False,False,False,True,False,False,False,True,False
0.0,1.851348639269146,1.854861763207777,2.3904481432031655,1.0375176799547756,1.8397636375554054,1.9816054375121406,1.0818431341367996,0.42217942080958115,-0.5417481275765095,0.5921552115548131,-1.5886922389711282,-1.571975726087668,36880.0,False,False,True,False,False,False,True,False,False,True,False,True,False,False,False,False,False,False,False,True,False,False,False,True,False,False,False,False,False,True,False,False,False,True,False
-0.031331699485826765,-1.7181580896814366,-2.6930021754354097,-2.6662325695735043,-0.23207632314777737,-2.0690881078265315,-1.589533991524702,-1.5733138964249485,-0.7197337952016806,-0.16627789525542636,-0.036877993602166904,3.4056716325158205,3.2822677520964567,5151.0,False,False,True,True,False,True,False,False,True,False,True,False,False,False,False,True,False,False,False,False,False,False,False,False,False,True,False,False,False,False,True,False,False,False,False
-0.7519607876598423,-0.7101029486352078,-1.488916553039717,-1.0919829137090686,-0.7235320662842516,-1.3210381456463491,-0.8897836979972125,-1.124554961682119,-0.4659753027547335,-0.1412465464340209,0.5921552115548131,2.001006793660116,1.8112848799194492,6295.0,False,False,True,True,False,True,False,False,True,False,False,True,False,False,False,True,False,False,False,False,False,False,False,False,True,False,False,False,True,False,False,False,False,False,False
-1.2845996789188974,-0.7101029486352078,-1.2529808567594798,-1.0919829137090686,-0.7235320662842516,-1.2532097811999596,-0.8897836979972125,-1.124554961682119,-0.4659753027547335,-0.1412465464340209,0.5921552115548131,2.001006793660116,1.8112848799194492,6575.0,False,False,True,False,False,False,True,False,True,False,False,True,False,False,False,True,False,False,False,False,False,False,False,True,False,False,False,False,True,False,False,False,False,False,False
-0.12532679794330706,-0.8423069015593031,-1.375016561732016,-0.9965738436566808,-1.2149878094207258,-1.3171622391065556,-0.8897836979972125,-1.348934429053533,-0.08533756408431292,-0.18880610919469132,0.8018329466071397,1.844932922676149,1.5170883054840478,5572.0,False,False,True,True,False,True,False,False,True,False,False,True,False,False,False,True,False,False,False,False,False,False,False,False,True,False,False,False,True,False,False,False,False,False,False
-0.12532679794330706,-0.8423069015593031,-1.375016561732016,-0.9965738436566808,-1.2149878094207258,-1.3171622391065556,-0.8897836979972125,-1.348934429053533,-0.08533756408431292,-0.1913092440768318,0.8018329466071397,0.9084896967723461,1.0757934438309456,6377.0,False,False,True,True,False,True,False,False,True,False,False,True,False,False,False,True,False,False,False,False,False,False,False,False,True,False,False,False,True,False,False,False,False,False,False
-0.12532679794330706,-0.8423069015593031,-1.375016561732016,-0.9965738436566808,-1.2149878094207258,-0.8287980150925506,-0.6967491342654912,-1.124554961682119,0.42217942080958115,-0.6418735228621317,0.8018329466071397,-0.1840274001154239,-0.10099285391066044,7957.0,False,True,True,True,False,True,False,False,True,False,False,True,False,False,False,False,False,False,False,True,False,False,False,False,True,False,False,False,True,False,False,False,False,False,False
0.8146241866314959,-0.8423069015593031,-1.375016561732016,-0.9965738436566808,-1.2968970999434695,-1.1408084915459427,-0.8897836979972125,-1.348934429053533,-0.08533756408431292,-0.1913092440768318,0.8018329466071397,0.9084896967723461,1.0757934438309456,6229.0,False,False,True,False,False,True,False,False,True,False,False,True,False,False,False,True,False,False,False,False,False,False,False,False,True,False,False,False,True,False,False,False,False,False,False
0.8146241866314959,-0.8423069015593031,-1.375016561732016,-0.9965738436566808,-1.2968970999434695,-1.098173519608212,-0.8897836979972125,-1.348934429053533,-0.08533756408431292,-0.1913092440768318,0.8018329466071397,0.9084896967723461,1.0757934438309456,6692.0,False,False,True,False,False,False,True,False,True,False,False,True,False,False,False,True,False,False,False,False,False,False,False,False,True,False,False,False,True,False,False,False,False,False,False
0.8146241866314959,-0.8423069015593031,-1.375016561732016,-0.9965738436566808,-1.2968970999434695,-1.098173519608212,-0.8897836979972125,-1.348934429053533,-0.08533756408431292,-0.1913092440768318,0.8018329466071397,0.9084896967723461,1.0757934438309456,7609.0,False,False,True,False,False,False,True,False,True,False,False,True,False,False,False,True,False,False,False,False,False,False,False,False,True,False,False,False,True,False,False,False,False,False,False
0.8146241866314959,-0.8423069015593031,-1.375016561732016,-0.9965738436566808,-1.2968970999434695,-0.7067069590890492,-0.6967491342654912,-1.124554961682119,0.42217942080958115,-0.6418735228621317,0.8018329466071397,-0.1840274001154239,-0.10099285391066044,8558.0,False,True,True,False,False,False,True,False,True,False,False,True,False,False,False,False,False,False,False,True,False,False,False,False,True,False,False,False,True,False,False,False,False,False,False
-0.37598039382992116,0.7441405335298442,0.03246190228456789,-0.6149375634471225,2.470930264102822,-0.04005103424453451,-0.11764544307032763,0.03473895307019368,0.6442181017006592,-0.41659138346948177,-0.24655572865449354,-0.1840274001154239,-0.10099285391066044,8921.0,False,False,True,False,False,False,False,True,True,False,False,True,False,False,False,True,False,False,False,False,False,False,True,False,False,False,False,False,True,False,False,False,False,False,False
0.7206290881740156,-0.4787460310180395,-0.08143808902313313,0.1960395319981933,-1.4607156809889599,0.49482406824699476,0.7027514527894875,1.0070499783463276,2.0398898101588667,-0.7920616157905649,-0.24655572865449354,-0.9643967550352597,-0.9835825772168649,12964.0,False,True,True,True,False,True,False,False,True,False,False,True,False,False,False,False,False,False,True,False,False,False,False,False,False,False,True,False,True,False,False,False,False,True,False
0.4699754922874015,-2.015616983760654,-2.408252197166158,-0.9488693086304851,-1.2149878094207258,-1.6330486220997413,-0.8415250570642822,-1.5733138964249485,0.48561904392131794,-0.1412465464340209,-0.6659111987591468,3.7178193744837547,3.4293660393141576,6479.0,False,False,True,True,False,True,False,False,True,False,False,True,False,False,False,False,False,False,False,False,False,False,False,False,False,True,False,False,True,False,False,False,False,False,False
0.4699754922874015,-2.015616983760654,-2.408252197166158,-0.9488693086304851,-1.2149878094207258,-1.4276255754906757,-0.8415250570642822,-1.5733138964249485,0.48561904392131794,-0.24137194171964318,1.850221621868773,0.9084896967723461,1.0757934438309456,6855.0,False,False,True,True,False,True,False,False,True,False,False,True,False,False,False,False,False,False,False,False,False,False,False,False,False,True,False,False,True,False,False,False,False,False,False
-0.6579656892023621,-0.8423069015593031,-1.968923659265027,-0.9011647736042895,-0.4778041947160145,-1.3927424166325324,-1.155206223128329,-1.5733138964249485,-0.592854548978207,-0.016089802326993193,0.8018329466071397,2.001006793660116,1.6641865927017485,5399.0,False,False,True,True,False,True,False,False,True,False,False,True,False,False,False,False,False,False,False,False,False,False,False,False,True,False,False,False,True,False,False,False,False,False,False
-0.6579656892023621,-0.8423069015593031,-1.968923659265027,-0.9011647736042895,-0.4778041947160145,-1.1931332298331574,-0.8415250570642822,-1.5733138964249485,0.48561904392131794,-0.24137194171964318,1.850221621868773,0.752415825788379,0.48740029496014253,6529.0,False,False,True,True,False,True,False,False,True,False,False,True,False,False,False,False,False,False,False,False,False,False,False,False,True,False,False,False,True,False,False,False,False,False,False
-0.6579656892023621,-0.8423069015593031,-1.968923659265027,-0.9011647736042895,-0.4778041947160145,-1.1621259775148078,-0.8415250570642822,-1.5733138964249485,0.48561904392131794,-0.24137194171964318,1.850221621868773,0.752415825788379,0.48740029496014253,7129.0,False,False,True,True,False,True,False,False,True,False,False,True,False,False,False,False,False,False,False,False,False,False,False,False,True,False,False,False,True,False,False,False,False,False,False
-0.37598039382992116,-0.37959306632496864,-0.8787380281770356,-0.9011647736042895,0.30033406525006723,-1.0574765009403784,-0.8415250570642822,-1.5733138964249485,0.48561904392131794,-0.24137194171964318,1.850221621868773,0.752415825788379,0.48740029496014253,7295.0,False,False,True,False,False,False,True,False,True,False,False,True,False,False,False,False,False,False,False,False,False,False,False,True,False,False,False,False,True,False,False,False,False,False,False
-1.3785947773763776,-0.37959306632496864,-1.391287989061689,-0.9488693086304851,1.8566105851822305,-1.0303451551618223,-0.8415250570642822,-1.5359173185297132,0.48561904392131794,-0.24137194171964318,1.850221621868773,0.752415825788379,0.48740029496014253,7295.0,False,False,True,False,False,False,False,True,True,False,False,True,False,False,False,False,False,False,False,False,False,False,False,True,False,False,False,False,True,False,False,False,False,False,False
-0.5013071917732282,-0.37959306632496864,-0.5451737679187701,-0.3287103532899486,-0.19112167788640694,-0.6194990619436912,-0.40719728866790944,-0.675796026939288,1.0248558403710797,-0.29143463936245406,1.4308661517641197,0.28419421283647756,0.3403020077424418,7895.0,False,False,True,True,False,True,False,False,True,False,False,True,False,False,False,False,False,False,False,False,False,False,False,True,False,False,False,False,True,False,False,False,False,False,False
-0.5013071917732282,-0.37959306632496864,-0.5451737679187701,-0.3287103532899486,-0.19112167788640694,-0.5167875386391585,-0.40719728866790944,-0.675796026939288,1.0248558403710797,-0.29143463936245406,1.4308661517641197,0.28419421283647756,0.3403020077424418,9095.0,False,False,True,True,False,True,False,False,True,False,False,True,False,False,False,False,False,False,False,False,False,False,False,True,False,False,False,False,True,False,False,False,False,False,False
-1.1592728809755903,-0.37959306632496864,0.09754761160325484,-0.3287103532899486,0.13651548420457682,-0.48771823959070576,-0.40719728866790944,-0.675796026939288,1.0248558403710797,-0.29143463936245406,1.4308661517641197,0.28419421283647756,0.3403020077424418,8845.0,False,False,True,False,False,False,True,False,True,False,False,True,False,False,False,False,False,False,False,False,False,False,False,True,False,False,False,False,True,False,False,False,False,False,False
-1.1592728809755903,-0.37959306632496864,0.09754761160325484,-1.616732798997214,0.13651548420457682,-0.35593741723772027,-0.40719728866790944,-0.675796026939288,1.0248558403710797,-0.29143463936245406,1.4308661517641197,0.28419421283647756,0.3403020077424418,10295.0,False,False,True,False,False,False,True,False,True,False,False,True,False,False,False,False,False,False,False,False,False,False,False,True,False,False,False,False,True,False,False,False,False,False,False
-1.1592728809755903,-0.37959306632496864,0.09754761160325484,-0.3287103532899486,0.13651548420457682,-0.17570776313731368,-0.40719728866790944,-0.675796026939288,1.0248558403710797,-0.29143463936245406,1.4308661517641197,-0.1840274001154239,-0.3951894283460619,12945.0,False,False,True,False,False,False,True,False,True,False,False,True,False,False,False,False,False,False,False,True,False,False,False,True,False,False,False,False,True,False,False,False,False,False,False
-0.4699754922874015,-0.37959306632496864,-0.41500234928139856,0.05292592691960977,-1.133078518897979,-0.5090357255595711,-0.40719728866790944,-0.675796026939288,1.0248558403710797,-0.2664032905410486,0.8018329466071397,-0.027953529131456746,0.046105433307040304,10345.0,False,False,True,True,False,False,True,False,True,False,False,True,False,False,False,True,False,False,False,False,False,False,False,False,True,False,False,False,True,False,False,False,False,False,False
0.0,-0.7431539368662322,-0.284830930644027,-1.95066454418058,-0.10921238736366028,-0.4237657816841099,-0.3830679682014443,-0.07745078061551325,-0.08533756408431292,-0.41659138346948177,-0.6659111987591468,-0.1840274001154239,-0.2480911411283612,6785.0,False,False,True,False,False,False,True,False,False,True,False,True,False,False,False,True,False,False,False,False,False,False,False,True,False,False,False,False,True,False,False,False,False,False,False
0.0,-0.46222053690252846,-0.13025237101214718,-0.3287103532899486,-0.9692599378524887,0.3456016664649377,-0.19003340446972308,0.37130815412731777,-0.08533756408431292,-0.24137194171964318,-0.24655572865449354,-0.1840274001154239,-0.2480911411283612,11048.0,False,False,True,True,False,True,False,False,False,True,False,True,False,False,False,False,False,False,False,False,False,True,False,False,False,True,False,False,True,False,False,False,False,False,False
0.7206290881740156,2.3471134627345047,2.0663903184935064,1.7702891878626257,-0.3958949041932707,2.9269554219675356,3.1639421403689325,1.1192397120320345,2.896324722167312,-0.516716778755104,-0.7707500662853102,-1.5886922389711282,-1.7190740133053686,32250.0,False,False,True,False,False,False,True,False,False,True,False,False,False,False,False,False,False,False,False,True,False,False,False,True,False,False,False,False,False,True,False,False,False,True,False
0.0,2.3471134627345047,2.0663903184935064,1.7702891878626257,-0.3958949041932707,2.9269554219675356,3.1639421403689325,1.1192397120320345,2.896324722167312,-0.516716778755104,-0.7707500662853102,-1.5886922389711282,-1.7190740133053686,35550.0,False,False,True,False,False,False,True,False,False,True,False,False,False,False,False,False,False,False,False,True,False,False,False,True,False,False,False,False,False,True,False,False,False,True,False
0.0,0.5293091100281893,1.4236689389714814,2.2473345381245755,-2.443627167261908,2.7021528426595016,4.804735932088563,0.7826705109749121,-1.576168707210126,0.33434908117268447,-0.24655572865449354,-1.9008399809390626,-2.01327058774077,36000.0,False,False,True,True,False,False,True,False,False,True,False,False,False,True,False,False,False,False,False,True,False,False,False,True,False,False,False,False,False,False,False,True,False,False,True
-0.5639705907448818,-0.9414598662523763,-1.2285737157649739,-0.8057557035518982,0.13651548420457682,-1.2900308933279996,-0.8656543775307474,-1.124554961682119,-0.33909605653125996,-0.29143463936245406,-0.24655572865449354,0.752415825788379,0.046105433307040304,5195.0,False,False,True,True,False,True,False,False,True,False,False,True,False,False,False,True,False,False,False,False,False,False,False,False,True,False,False,False,True,False,False,False,False,False,False
-0.5639705907448818,-0.9414598662523763,-1.2285737157649739,-0.8057557035518982,0.13651548420457682,-1.2706513606290313,-0.8656543775307474,-1.124554961682119,-0.33909605653125996,-0.29143463936245406,-0.24655572865449354,0.9084896967723461,1.0757934438309456,6095.0,False,False,True,True,False,True,False,False,True,False,False,True,False,False,False,True,False,False,False,False,False,False,False,False,True,False,False,False,True,False,False,False,False,False,False
-0.5639705907448818,-0.9414598662523763,-1.2285737157649739,-0.8057557035518982,0.13651548420457682,-1.260961594279547,-0.8656543775307474,-1.124554961682119,-0.33909605653125996,-0.29143463936245406,-0.24655572865449354,0.9084896967723461,1.0757934438309456,6795.0,False,False,True,True,False,True,False,False,True,False,False,True,False,False,False,True,False,False,False,False,False,False,False,False,True,False,False,False,True,False,False,False,False,False,False
-0.2819852953724409,-0.9414598662523763,-0.6021237635726195,-0.8057557035518982,0.13651548420457682,-1.1834434634836732,-0.8656543775307474,-1.124554961682119,-0.33909605653125996,-0.29143463936245406,-0.24655572865449354,0.9084896967723461,1.0757934438309456,6695.0,False,False,True,False,False,False,True,False,True,False,False,True,False,False,False,True,False,False,False,False,False,False,False,False,True,False,False,False,True,False,False,False,False,False,False
-0.2819852953724409,-0.9414598662523763,-0.6021237635726195,-0.8057557035518982,0.13651548420457682,-1.173753697134189,-0.8656543775307474,-0.9375720722059386,-0.33909605653125996,-0.29143463936245406,-0.24655572865449354,0.9084896967723461,1.0757934438309456,7395.0,False,False,True,False,False,False,True,False,True,False,False,True,False,False,False,True,False,False,False,False,False,False,False,False,True,False,False,False,True,False,False,False,False,False,False
0.8772875856031495,-0.5778989957111127,-0.42313806294623385,-0.09018767815897376,-1.706443552557197,-0.34043379107854554,-1.3723701073265155,0.0,1.4086426050438461e-15,-0.1913092440768318,1.850221621868773,-1.2765444970031938,-1.1306808644345656,10945.0,False,False,True,True,False,True,False,False,False,True,False,False,False,False,True,False,True,False,False,False,False,False,False,False,False,False,True,False,False,False,False,False,True,False,False
0.8772875856031495,-0.5778989957111127,-0.42313806294623385,-0.09018767815897376,-1.706443552557197,-0.34043379107854554,-1.3723701073265155,0.0,1.4086426050438461e-15,-0.1913092440768318,1.850221621868773,-1.2765444970031938,-1.1306808644345656,11845.0,False,False,True,True,False,True,False,False,False,True,False,False,False,False,True,False,True,False,False,False,False,False,False,False,False,False,True,False,False,False,False,False,True,False,False
0.8772875856031495,-0.5778989957111127,-0.42313806294623385,-0.09018767815897376,-1.706443552557197,-0.3307440247290613,-1.3723701073265155,0.0,1.4086426050438461e-15,-0.1913092440768318,1.850221621868773,-1.2765444970031938,-1.1306808644345656,13645.0,False,False,True,True,False,True,False,False,False,True,False,False,False,False,True,False,True,False,False,False,False,False,False,False,False,False,True,False,False,False,False,False,True,False,False
0.8772875856031495,-0.5778989957111127,-0.42313806294623385,-0.09018767815897376,-1.706443552557197,-0.1078793986909241,-1.1310769026618641,0.0,1.4086426050438461e-15,-0.1913092440768318,1.850221621868773,-1.4326183679871611,-1.1306808644345656,15645.0,False,False,True,True,False,True,False,False,False,True,False,False,False,False,True,False,False,False,False,True,False,False,False,False,False,False,True,False,False,False,False,False,True,True,False
0.21932189640078736,0.0004932983318059837,0.2928047395593134,0.2914486020505846,-0.027303096840913615,-0.3307440247290613,-0.11764544307032763,0.22172184254637411,0.42217942080958115,-0.3915600346480763,-0.6659111987591468,0.1281203418525104,0.19320372052474105,8845.0,False,False,True,True,False,True,False,False,True,False,False,True,False,False,False,True,False,False,False,False,False,False,False,False,True,False,False,False,True,False,False,False,False,False,False
-0.21932189640078736,0.0004932983318059837,0.2928047395593134,0.2914486020505846,0.7098805178637947,-0.2822951929816402,-0.11764544307032763,0.22172184254637411,0.42217942080958115,-0.3915600346480763,-0.6659111987591468,0.1281203418525104,0.19320372052474105,8495.0,False,False,True,False,False,False,True,False,True,False,False,True,False,False,False,True,False,False,False,False,False,False,False,True,False,False,False,False,True,False,False,False,False,False,False
0.21932189640078736,0.0004932983318059837,0.2928047395593134,0.2914486020505846,-0.027303096840913615,-0.3307440247290613,-0.11764544307032763,0.22172184254637411,0.42217942080958115,-0.3915600346480763,-0.6659111987591468,0.1281203418525104,0.19320372052474105,10595.0,False,False,True,True,False,True,False,False,True,False,False,True,False,False,False,True,False,False,False,False,False,False,False,False,True,False,False,False,True,False,False,False,False,False,False
-0.21932189640078736,0.0004932983318059837,0.2928047395593134,0.2914486020505846,0.7098805178637947,-0.2822951929816402,-0.11764544307032763,0.22172184254637411,0.42217942080958115,-0.3915600346480763,-0.6659111987591468,0.1281203418525104,0.19320372052474105,10245.0,False,False,True,False,False,False,True,False,True,False,False,True,False,False,False,True,False,False,False,False,False,False,False,True,False,False,False,False,True,False,False,False,False,False,False
0.0,0.0004932983318059837,0.2928047395593134,0.2914486020505846,0.7098805178637947,-0.21834273507504426,-0.11764544307032763,0.22172184254637411,0.42217942080958115,3.137860149170105,-0.9804278013376369,1.688859051692182,1.6641865927017485,10795.0,False,False,False,False,False,False,True,False,True,False,False,True,False,False,False,False,False,True,False,False,False,False,False,True,False,False,False,False,True,False,False,False,False,False,False
-0.21932189640078736,0.0004932983318059837,0.2928047395593134,0.2914486020505846,0.7098805178637947,-0.2532258939331875,-0.11764544307032763,0.22172184254637411,0.42217942080958115,-0.3915600346480763,-0.6659111987591468,0.1281203418525104,0.19320372052474105,11245.0,False,False,True,False,False,True,False,False,True,False,False,True,False,False,False,True,False,False,False,False,False,False,False,True,False,False,False,False,True,False,False,False,False,False,False
-0.12532679794330706,1.008548439378037,0.06500475694391136,0.10063046194580202,0.2593794199886939,0.2215726571915396,0.31668232532604507,1.6053952246701007,-0.3073762449753909,-0.5417481275765095,-0.24655572865449354,-0.9643967550352597,-0.5422877155637627,18280.0,False,False,True,False,False,False,True,False,False,True,False,True,False,False,False,False,False,False,False,True,False,False,False,True,False,False,False,False,True,False,False,False,False,True,False
0.0,1.008548439378037,0.06500475694391136,0.10063046194580202,0.2593794199886939,0.279711255288445,0.17190640252725417,0.37130815412731777,1.21517470970629,2.9626407074202663,-1.9239776090731067,0.9084896967723461,1.2228917310486462,18344.0,False,False,False,False,False,False,True,False,False,True,False,True,False,False,False,False,False,True,False,False,False,False,False,True,False,False,False,False,True,False,False,False,False,False,False
-0.9086192850889762,1.851348639269146,1.3585832296527967,2.104220933045992,1.1194269704775222,1.859143170254374,1.3542431053840467,0.9322568225558557,1.21517470970629,2.8374839633132387,-1.6094610064946169,-0.49617514208335817,-0.8364842899991641,25552.0,False,True,False,False,False,False,True,False,False,True,False,True,False,False,False,False,False,True,False,False,False,False,True,False,False,False,False,True,False,False,False,False,False,True,False
-0.9086192850889762,1.851348639269146,1.3585832296527967,2.104220933045992,2.020429166227724,2.3145621886801324,1.3542431053840467,0.9322568225558557,1.21517470970629,2.8374839633132387,-1.6094610064946169,-0.49617514208335817,-0.8364842899991641,28248.0,False,True,False,False,False,False,False,True,False,True,False,True,False,False,False,False,False,True,False,False,False,False,True,False,False,False,False,True,False,False,False,False,False,True,False
-0.9086192850889762,1.306007333457252,1.0819689650483806,2.104220933045992,0.46415264629555764,1.8203841048564369,1.3542431053840467,0.9322568225558557,1.21517470970629,2.8374839633132387,-1.6094610064946169,-0.49617514208335817,-0.8364842899991641,28176.0,False,True,False,True,True,False,False,False,False,True,False,True,False,False,False,False,False,True,False,False,False,False,False,True,False,False,False,True,False,False,False,False,False,True,False
-0.9086192850889762,2.776776309737815,2.310461728438579,2.772084423412724,1.0375176799547756,2.3533212540780695,1.3542431053840467,0.9322568225558557,1.21517470970629,2.8374839633132387,-1.6094610064946169,-0.49617514208335817,-0.8364842899991641,31600.0,False,True,False,False,False,False,True,False,False,True,False,True,False,False,False,False,False,True,False,False,False,False,True,False,False,False,False,True,False,False,False,False,False,True,False
0.0,2.776776309737815,2.310461728438579,2.772084423412724,1.1194269704775222,2.295182655981164,2.5848384491737693,0.4834978878130247,-0.49769511431060115,-0.46665408111229273,-0.7707500662853102,-1.4326183679871611,-1.8661723005230695,34184.0,False,False,True,False,False,False,True,False,False,True,False,False,False,True,False,False,False,False,False,True,False,False,True,False,False,False,False,False,False,False,False,False,False,True,False
0.6266339897165353,-0.3630675722094576,0.49619758118020724,2.1996300030983833,-1.2149878094207258,2.1885952261368375,2.5848384491737693,0.4834978878130247,-0.49769511431060115,-0.46665408111229273,-0.7707500662853102,-1.4326183679871611,-1.8661723005230695,35056.0,False,False,True,True,False,False,False,False,False,True,False,False,False,True,False,False,False,False,False,True,False,False,False,False,False,False,True,False,False,False,False,False,False,True,False
0.0,3.652627497859951,2.7579259800045453,2.772084423412724,1.201336261000269,2.605255179164659,4.37040816369219,1.7549815362510444,0.29530017458610763,-0.5417481275765095,-1.2949444039161269,-1.7447661099550953,-2.160368874958471,40960.0,False,False,True,False,False,False,True,False,False,True,False,False,False,True,False,False,False,False,False,True,False,False,False,True,False,False,False,False,False,False,False,False,False,True,False
0.0,2.1818585215793855,2.033847463834163,2.9151980284913077,0.6689258726024214,2.246733824233743,4.27389088182633,1.7549815362510444,0.29530017458610763,-0.5417481275765095,-1.2949444039161269,-1.7447661099550953,-2.160368874958471,45400.0,False,False,True,True,True,False,False,False,False,True,False,False,False,True,False,False,False,False,False,True,False,False,False,False,True,False,False,False,False,False,False,False,False,True,False
0.0,0.6449875688367734,0.34161902154832746,1.007016627443509,0.4231980010341843,0.6866814419667825,0.31668232532604507,1.6801883804605726,-0.4342554911988644,-0.5417481275765095,-0.24655572865449354,-0.9643967550352597,-0.9835825772168649,16503.0,False,True,True,True,False,True,False,False,False,True,False,True,False,False,False,False,False,False,False,True,False,False,False,False,True,False,False,False,True,False,False,False,False,True,False
1.2219362799472437,-0.8423069015593031,-1.375016561732016,-0.7103466334995069,-1.2149878094207258,-1.235768201770888,-0.8415250570642822,-1.348934429053533,-0.08533756408431292,-0.1913092440768318,0.8018329466071397,1.844932922676149,1.5170883054840478,5389.0,False,False,True,True,False,True,False,False,True,False,False,True,False,False,False,True,False,False,False,False,False,False,False,False,False,True,False,False,True,False,False,False,False,False,False
1.2219362799472437,-0.8423069015593031,-1.375016561732016,-0.7103466334995069,-1.2149878094207258,-1.1853814167535701,-0.8415250570642822,-1.348934429053533,-0.08533756408431292,-0.1913092440768318,0.8018329466071397,0.9084896967723461,1.0757934438309456,6189.0,False,False,True,True,False,True,False,False,True,False,False,True,False,False,False,True,False,False,False,False,False,False,False,False,False,True,False,False,True,False,False,False,False,False,False
1.2219362799472437,-0.8423069015593031,-1.375016561732016,-0.7103466334995069,-1.2149878094207258,-1.0691042205597594,-0.8415250570642822,-1.348934429053533,-0.08533756408431292,-0.1913092440768318,0.8018329466071397,0.9084896967723461,1.0757934438309456,6669.0,False,False,True,True,False,True,False,False,True,False,False,True,False,False,False,True,False,False,False,False,False,False,False,False,False,True,False,False,True,False,False,False,False,False,False
1.2219362799472437,-0.9579853603678873,-1.375016561732016,-0.9965738436566808,-1.2149878094207258,-0.7958528095043041,-0.6967491342654912,-1.124554961682119,0.42217942080958115,-0.6418735228621317,0.8018329466071397,-0.1840274001154239,-0.10099285391066044,7689.0,False,True,True,True,False,True,False,False,True,False,False,True,False,False,False,False,False,False,False,False,True,False,False,False,True,False,False,False,True,False,False,False,False,False,False
0.9712826840606297,-0.41264405455599307,-0.0977095163528037,-0.2333012832375573,-1.7883528430799436,-0.35981332377751396,-0.40719728866790944,-0.6010028711488161,0.6442181017006592,-0.6669048716835372,0.8018329466071397,-0.34010127109939103,-0.10099285391066044,9959.0,False,True,True,True,False,True,False,False,True,False,False,True,False,False,False,False,False,False,False,False,True,False,False,False,False,False,True,False,True,False,False,False,False,False,False
0.9712826840606297,-0.41264405455599307,-0.0977095163528037,-0.2333012832375573,-1.7883528430799436,-0.4412073611131815,-0.11764544307032763,0.07213553096543043,0.6442181017006592,-0.41659138346948177,-0.24655572865449354,-0.027953529131456746,0.19320372052474105,8499.0,False,False,True,True,False,True,False,False,True,False,False,True,False,False,False,True,False,False,False,False,False,False,False,False,False,False,True,False,True,False,False,False,False,False,False
0.0,-0.4787460310180395,-0.08143808902313313,0.1960395319981933,-1.4607156809889599,0.5374590401847253,0.7027514527894875,0.9322568225558557,1.913010563935393,-0.7920616157905649,-0.24655572865449354,-0.9643967550352597,-0.9835825772168649,12629.0,False,True,True,True,False,True,False,False,True,False,False,True,False,False,False,False,False,False,False,False,True,False,False,False,False,False,True,False,True,False,False,False,False,True,False
0.0,-0.4787460310180395,-0.08143808902313313,0.1960395319981933,-1.4607156809889599,0.7079989279356478,0.7027514527894875,0.9696534004510908,1.913010563935393,-0.7920616157905649,-0.24655572865449354,-0.9643967550352597,-0.9835825772168649,14869.0,False,True,True,True,False,True,False,False,True,False,False,True,False,False,False,False,False,False,False,False,True,False,False,False,False,False,True,False,True,False,False,False,False,True,False
0.0,-0.4787460310180395,-0.08143808902313313,0.1960395319981933,-1.4607156809889599,0.7176886942851319,0.7027514527894875,0.9696534004510908,1.913010563935393,-0.7920616157905649,-0.24655572865449354,-0.9643967550352597,-0.9835825772168649,14489.0,False,True,True,True,False,True,False,False,True,False,False,True,False,False,False,False,False,False,False,False,True,False,False,False,False,False,True,False,True,False,False,False,False,True,False
0.09399509845748029,-0.41264405455599307,-0.14652379834181775,-0.2333012832375573,-0.887350647329742,-0.3695030901269982,-0.11764544307032763,0.07213553096543043,0.6442181017006592,-0.41659138346948177,-0.24655572865449354,-0.027953529131456746,0.19320372052474105,6989.0,False,False,True,False,False,False,True,False,True,False,False,True,False,False,False,True,False,False,False,False,False,False,False,False,True,False,False,False,True,False,False,False,False,False,False
0.09399509845748029,-0.41264405455599307,-0.14652379834181775,-0.2333012832375573,-0.887350647329742,-0.2919849593311244,-0.11764544307032763,0.07213553096543043,0.6442181017006592,-0.41659138346948177,-0.24655572865449354,-0.027953529131456746,0.19320372052474105,8189.0,False,False,True,False,False,False,True,False,True,False,False,True,False,False,False,True,False,False,False,False,False,False,False,False,True,False,False,False,True,False,False,False,False,False,False
0.09399509845748029,-0.41264405455599307,-0.14652379834181775,-0.2333012832375573,-0.887350647329742,-0.2958608658709181,-0.40719728866790944,-0.6010028711488161,0.6442181017006592,-0.6669048716835372,0.8018329466071397,-0.34010127109939103,-0.10099285391066044,9279.0,False,True,True,False,False,False,True,False,True,False,False,True,False,False,False,False,False,False,False,False,True,False,False,False,True,False,False,False,True,False,False,False,False,False,False
0.4699754922874015,-0.41264405455599307,-0.14652379834181775,-0.2333012832375573,-0.887350647329742,-0.2958608658709181,-0.40719728866790944,-0.6010028711488161,0.6442181017006592,-0.6669048716835372,0.8018329466071397,-0.34010127109939103,-0.10099285391066044,9279.0,False,False,True,False,False,False,True,False,True,False,False,True,False,False,False,False,False,False,False,False,True,False,True,False,False,False,False,False,True,False,False,False,False,False,False
0.18799019691496058,-0.7101029486352078,-0.7241594685451558,-0.9965738436566808,0.30033406525006723,-1.2919688465978965,-0.7208784547319564,-0.675796026939288,0.10498130525089737,-0.1913092440768318,0.17279974145015975,0.9084896967723461,0.9286951566132448,5499.0,False,False,True,True,False,False,True,False,True,False,False,True,False,False,False,True,False,False,False,False,False,False,False,False,True,False,False,False,True,False,False,False,False,False,False
0.18799019691496058,-0.7101029486352078,-0.7241594685451558,-0.9965738436566808,0.30033406525006723,-1.0439108280511002,-0.5761025319331655,-1.274141273263061,0.6759379132565282,2.9376093585988605,-0.6659111987591468,3.0935238905478863,2.8409728904433544,7099.0,False,False,False,True,False,False,True,False,True,False,False,True,False,False,False,False,False,True,False,False,False,False,False,False,True,False,False,False,True,False,False,False,False,False,False
0.18799019691496058,-0.7101029486352078,-0.7241594685451558,-0.9965738436566808,0.30033406525006723,-1.235768201770888,-0.7208784547319564,-0.675796026939288,0.10498130525089737,-0.1913092440768318,0.17279974145015975,0.9084896967723461,0.9286951566132448,6649.0,False,False,True,True,False,False,True,False,True,False,False,True,False,False,False,True,False,False,False,False,False,False,False,False,True,False,False,False,True,False,False,False,False,False,False
0.0,-0.7101029486352078,-0.7241594685451558,-0.9965738436566808,0.30033406525006723,-1.1970091363729511,-0.7208784547319564,-0.675796026939288,0.10498130525089737,-0.1913092440768318,0.17279974145015975,0.9084896967723461,0.9286951566132448,6849.0,False,False,True,False,False,False,True,False,True,False,False,True,False,False,False,True,False,False,False,False,False,False,False,False,True,False,False,False,True,False,False,False,False,False,False
-0.5953022902307086,-0.7101029486352078,-0.32550949896820575,-0.9965738436566808,-0.10921238736366028,-1.0303451551618223,-0.7208784547319564,-0.675796026939288,0.10498130525089737,-0.1913092440768318,0.17279974145015975,0.9084896967723461,0.9286951566132448,7349.0,False,False,True,False,False,False,False,True,True,False,False,True,False,False,False,True,False,False,False,False,False,False,False,False,True,False,False,False,True,False,False,False,False,False,False
0.18799019691496058,-0.7101029486352078,-0.7241594685451558,-0.9965738436566808,0.30033406525006723,-1.1718157438642922,-0.7208784547319564,-0.675796026939288,0.10498130525089737,-0.1913092440768318,0.17279974145015975,0.9084896967723461,0.9286951566132448,7299.0,False,False,True,True,False,False,True,False,True,False,False,True,False,False,False,True,False,False,False,False,False,False,False,False,True,False,False,False,True,False,False,False,False,False,False
0.18799019691496058,-0.7101029486352078,-0.69975232755065,-0.9965738436566808,-0.19112167788640694,-1.022593342082235,-0.7208784547319564,-0.675796026939288,0.10498130525089737,-0.1913092440768318,0.17279974145015975,0.9084896967723461,0.9286951566132448,7799.0,False,False,True,True,False,True,False,False,True,False,False,True,False,False,False,True,False,False,False,False,False,False,False,False,True,False,False,False,True,False,False,False,False,False,False
0.0,-0.7101029486352078,-0.7241594685451558,-0.9965738436566808,0.30033406525006723,-1.1330566784663552,-0.7208784547319564,-0.675796026939288,0.10498130525089737,-0.1913092440768318,0.17279974145015975,0.9084896967723461,0.9286951566132448,7499.0,False,False,True,False,False,False,True,False,True,False,False,True,False,False,False,True,False,False,False,False,False,False,False,False,True,False,False,False,True,False,False,False,False,False,False
-0.5953022902307086,-0.7101029486352078,-0.32550949896820575,-0.9965738436566808,-0.10921238736366028,-1.0051517626531634,-0.7208784547319564,-0.675796026939288,0.10498130525089737,-0.1913092440768318,0.17279974145015975,0.9084896967723461,0.9286951566132448,7999.0,False,False,True,False,False,False,False,True,True,False,False,True,False,False,False,True,False,False,False,False,False,False,False,False,True,False,False,False,True,False,False,False,False,False,False
1.4412581763480312,-0.6109499839421371,-0.9600951648253931,-0.9965738436566808,-0.19112167788640694,-1.061352407480172,-0.7208784547319564,-0.675796026939288,0.10498130525089737,-0.1913092440768318,0.17279974145015975,0.9084896967723461,0.9286951566132448,8249.0,False,False,True,True,True,False,False,False,True,False,False,True,False,False,False,True,False,False,False,False,False,False,False,False,False,True,False,False,True,False,False,False,False,False,False
-0.5013071917732282,-0.26391460751638446,-0.06516666169346022,-0.3287103532899486,0.3822433557728139,-0.4489591741927689,-0.16590408400325793,-0.002657624825041413,0.6759379132565282,-0.41659138346948177,0.17279974145015975,0.28419421283647756,0.48740029496014253,8949.0,False,False,True,False,False,True,False,False,True,False,False,True,False,False,False,True,False,False,False,False,False,False,False,True,False,False,False,False,True,False,False,False,False,False,False
-0.5013071917732282,-0.26391460751638446,-0.06516666169346022,-0.3287103532899486,0.3822433557728139,-0.49159414613049945,-0.16590408400325793,-0.002657624825041413,0.6759379132565282,-0.41659138346948177,0.17279974145015975,0.28419421283647756,0.48740029496014253,9549.0,False,False,True,False,False,False,True,False,True,False,False,True,False,False,False,True,False,False,False,False,False,False,False,True,False,False,False,False,True,False,False,False,False,False,False
0.18799019691496058,0.2649012041799988,0.610097572487906,0.2914486020505846,0.5460619368183043,1.045202796897699,1.3059844644511163,0.37130815412731777,0.0415416821391606,-0.29143463936245406,0.17279974145015975,-1.2765444970031938,-1.2777791516522663,13499.0,False,False,True,False,False,False,True,False,True,False,False,False,False,True,False,False,False,False,False,True,False,False,False,True,False,False,False,False,False,True,False,False,False,True,False
-0.43864379280157473,0.2649012041799988,0.8460332687681432,0.2914486020505846,0.9556083894320319,1.4347314041469648,1.3059844644511163,0.37130815412731777,0.0415416821391606,-0.29143463936245406,0.17279974145015975,-1.2765444970031938,-1.2777791516522663,14399.0,False,False,True,False,False,False,False,True,True,False,False,False,False,True,False,False,False,False,False,True,False,False,False,True,False,False,False,False,False,True,False,False,False,True,False
-0.43864379280157473,0.2649012041799988,0.8460332687681432,0.2914486020505846,0.5460619368183043,0.9773744324513093,1.3059844644511163,0.37130815412731777,0.0415416821391606,-0.29143463936245406,0.17279974145015975,-0.9643967550352597,-0.8364842899991641,13499.0,False,False,True,False,False,False,True,False,True,False,False,False,False,True,False,False,False,False,False,True,False,False,False,True,False,False,False,False,False,True,False,False,False,True,False
2.255882362979527,-1.2389187603315912,-0.284830930644027,0.9593120924173167,-1.6654889072958237,0.9986919184201746,1.3059844644511163,0.37130815412731777,0.0415416821391606,-0.29143463936245406,0.17279974145015975,-0.9643967550352597,-0.8364842899991641,17199.0,False,False,True,True,False,True,False,False,False,True,False,False,False,True,False,False,False,False,False,True,False,False,False,False,False,False,True,False,False,True,False,False,False,True,False
2.255882362979527,-1.2389187603315912,-0.284830930644027,0.9593120924173167,-1.6654889072958237,1.13047274077316,1.3059844644511163,0.37130815412731777,0.0415416821391606,-0.5918108252193206,0.17279974145015975,-1.2765444970031938,-1.1306808644345656,19699.0,False,True,True,True,False,True,False,False,False,True,False,False,False,True,False,False,False,False,False,True,False,False,False,False,False,False,True,False,False,True,False,False,False,False,True
3.4151552439551174,0.06659527479385477,0.34975473521316275,0.9593120924173167,-1.6654889072958237,1.13047274077316,1.3059844644511163,0.37130815412731777,0.0415416821391606,-0.29143463936245406,0.17279974145015975,-0.9643967550352597,-0.8364842899991641,18399.0,False,False,True,True,False,True,False,False,False,True,False,False,False,True,False,False,False,False,False,True,False,False,False,False,True,False,False,False,False,True,False,False,False,True,False
1.2219362799472437,1.504313262843396,1.0168832557296936,1.1978347675482917,1.201336261000269,0.8998563016554354,-0.16590408400325793,0.4834978878130247,-0.21221681030778644,-0.4416227322908873,-0.24655572865449354,-0.9643967550352597,-0.9835825772168649,11900.0,False,False,True,False,False,False,True,False,False,True,True,False,False,False,False,False,False,False,False,True,False,False,False,True,False,False,False,False,True,False,False,False,False,False,False
1.2219362799472437,1.504313262843396,1.0168832557296936,1.1978347675482917,1.201336261000269,1.242874030427177,0.606234170923627,1.3810157572986868,0.8345369710358694,2.712327219206211,-2.0288164765992702,0.4402680838204447,0.3403020077424418,13200.0,False,True,False,False,False,False,True,False,False,True,True,False,False,False,False,False,False,True,False,False,False,False,False,True,False,False,False,False,True,False,False,False,False,False,False
0.0,2.5454193921206487,2.009440322839657,1.1978347675482917,2.020429166227724,1.306826488333773,-0.16590408400325793,0.4834978878130247,-0.21221681030778644,-0.4416227322908873,-0.24655572865449354,-0.9643967550352597,-0.9835825772168649,12440.0,False,False,True,False,False,False,False,True,False,True,True,False,False,False,False,False,False,False,False,True,False,False,False,True,False,False,False,False,True,False,False,False,False,False,False
0.0,2.5454193921206487,2.009440322839657,1.1978347675482917,2.020429166227724,1.694417142313142,0.606234170923627,1.3810157572986868,0.8345369710358694,2.712327219206211,-2.0288164765992702,-0.027953529131456746,-0.8364842899991641,13860.0,False,True,False,False,False,False,False,True,False,True,True,False,False,False,False,False,False,True,False,False,False,False,False,True,False,False,False,False,True,False,False,False,False,False,False
1.2219362799472437,1.504313262843396,1.0168832557296936,1.1978347675482917,1.201336261000269,1.0064437314997619,-0.16590408400325793,0.4834978878130247,-3.384197965894622,-0.4416227322908873,-0.24655572865449354,-0.9643967550352597,-0.9835825772168649,15580.0,False,False,True,False,False,False,True,False,False,True,True,False,False,False,False,False,False,False,False,True,False,False,False,True,False,False,False,False,True,False,False,False,False,False,False
1.2219362799472437,1.504313262843396,1.0168832557296936,1.1978347675482917,1.201336261000269,1.3494614602715036,0.606234170923627,1.3810157572986868,0.8345369710358694,2.712327219206211,-2.0288164765992702,0.4402680838204447,0.3403020077424418,16900.0,False,True,False,False,False,False,True,False,False,True,True,False,False,False,False,False,False,True,False,False,False,False,False,True,False,False,False,False,True,False,False,False,False,False,False
0.0,2.5454193921206487,2.009440322839657,1.1978347675482917,1.201336261000269,1.4134139181780994,-0.16590408400325793,0.4834978878130247,-3.384197965894622,-0.4416227322908873,-0.24655572865449354,-0.9643967550352597,-0.9835825772168649,16695.0,False,False,True,False,False,False,False,True,False,True,True,False,False,False,False,False,False,False,False,True,False,False,False,True,False,False,False,False,True,False,False,False,False,False,False
0.0,2.5454193921206487,2.009440322839657,1.1978347675482917,2.020429166227724,1.8010045721574686,0.606234170923627,1.3810157572986868,0.8345369710358694,2.712327219206211,-2.0288164765992702,-0.027953529131456746,-0.8364842899991641,17075.0,False,True,False,False,False,False,False,True,False,True,True,False,False,False,False,False,False,True,False,False,False,False,False,True,False,False,False,False,True,False,False,False,False,False,False
1.2219362799472437,1.504313262843396,1.0168832557296936,1.1978347675482917,1.201336261000269,1.0064437314997619,-0.16590408400325793,0.4834978878130247,-0.21221681030778644,-0.4416227322908873,-0.24655572865449354,-0.9643967550352597,-0.9835825772168649,16630.0,False,False,True,False,False,False,True,False,False,True,True,False,False,False,False,False,False,False,False,True,False,False,False,True,False,False,False,False,True,False,False,False,False,False,False
1.2219362799472437,1.504313262843396,1.0168832557296936,1.1978347675482917,1.201336261000269,1.3494614602715036,0.606234170923627,1.3810157572986868,0.8345369710358694,2.712327219206211,-2.0288164765992702,0.4402680838204447,0.3403020077424418,17950.0,False,True,False,False,False,False,True,False,False,True,True,False,False,False,False,False,False,True,False,False,False,False,False,True,False,False,False,False,True,False,False,False,False,False,False
1.2219362799472437,1.5208387569589068,1.0168832557296936,1.1501302325220926,0.9146537441706585,1.1130311613440884,0.17190640252725417,1.0444465562415628,-0.14877718719604968,-0.7920616157905649,1.0115106816594663,-1.1204706260192268,-0.9835825772168649,18150.0,False,True,True,False,False,False,True,False,False,True,True,False,False,False,False,False,False,False,False,True,False,False,False,True,False,False,False,False,True,False,False,False,False,True,False
-0.09399509845748029,-0.8423069015593031,-1.375016561732016,-0.9965738436566808,-1.2149878094207258,-1.235768201770888,-0.8897836979972125,-1.348934429053533,-0.08533756408431292,-0.1913092440768318,0.8018329466071397,1.844932922676149,1.5170883054840478,5572.0,False,False,True,True,False,True,False,False,True,False,False,True,False,False,False,True,False,False,False,False,False,False,False,False,True,False,False,False,True,False,False,False,False,False,False
-0.09399509845748029,-0.8423069015593031,-1.375016561732016,-0.9965738436566808,-1.2149878094207258,-0.8287980150925506,-0.6967491342654912,-1.124554961682119,0.42217942080958115,-0.6418735228621317,0.8018329466071397,-0.1840274001154239,-0.10099285391066044,7957.0,False,True,True,True,False,True,False,False,True,False,False,True,False,False,False,False,False,False,False,False,True,False,False,False,True,False,False,False,True,False,False,False,False,False,False
1.0026143835464565,-0.8423069015593031,-1.375016561732016,-0.9965738436566808,-1.2968970999434695,-1.1408084915459427,-0.8897836979972125,-1.348934429053533,-0.08533756408431292,-0.1913092440768318,0.8018329466071397,0.9084896967723461,1.0757934438309456,6229.0,False,False,True,False,False,True,False,False,True,False,False,True,False,False,False,True,False,False,False,False,False,False,False,False,True,False,False,False,True,False,False,False,False,False,False
1.0026143835464565,-0.8423069015593031,-0.5614451952484407,-0.9965738436566808,-1.2149878094207258,-1.098173519608212,-0.8897836979972125,-1.348934429053533,-0.08533756408431292,-0.1913092440768318,0.8018329466071397,0.9084896967723461,1.0757934438309456,6692.0,False,False,True,False,False,False,True,False,True,False,False,True,False,False,False,True,False,False,False,False,False,False,False,False,True,False,False,False,True,False,False,False,False,False,False
1.0026143835464565,-0.8423069015593031,-0.5614451952484407,-0.9965738436566808,-1.2149878094207258,-0.7067069590890492,-0.6967491342654912,-1.348934429053533,-0.08533756408431292,-0.1913092440768318,0.8018329466071397,0.9084896967723461,1.0757934438309456,7609.0,False,False,True,False,False,False,True,False,True,False,False,True,False,False,False,True,False,False,False,False,False,False,False,False,True,False,False,False,True,False,False,False,False,False,False
-1.5039215753196846,0.7441405335298442,0.03246190228456789,-0.6149375634471225,2.470930264102822,-0.04005103424453451,-0.11764544307032763,0.07213553096543043,0.6442181017006592,-0.41659138346948177,-0.24655572865449354,-0.1840274001154239,-0.10099285391066044,8921.0,False,False,True,False,False,False,False,True,True,False,False,True,False,False,False,True,False,False,False,False,False,False,True,False,False,False,False,False,True,False,False,False,False,False,False
0.0,-0.4787460310180395,-0.08143808902313313,0.1960395319981933,-1.4607156809889599,0.5083897411362727,0.7027514527894875,0.9696534004510908,1.913010563935393,-0.7920616157905649,-0.24655572865449354,-0.9643967550352597,-0.9835825772168649,12764.0,False,True,True,True,False,True,False,False,False,True,False,True,False,False,False,False,False,False,False,False,True,False,False,False,False,False,True,False,True,False,False,False,False,True,False
2.005228767092913,-0.7101029486352078,-0.43127377661106914,1.1501302325220926,-1.4607156809889599,0.4308716103403989,0.5821048504571618,2.2785336267843475,-0.4659753027547335,-0.16627789525542636,0.8018329466071397,-0.9643967550352597,-0.5422877155637627,22018.0,False,False,True,True,False,True,False,False,False,True,False,True,False,False,False,False,False,False,False,True,False,False,False,False,False,False,True,False,True,False,False,False,False,True,False
0.0,-1.5363776544108059,-0.43127377661106914,-0.4241194233423399,-0.887350647329742,0.3882366384026683,1.6196656305151633,1.5306020688796305,-1.1320913454279689,-0.16627789525542636,1.6405438868164464,-1.2765444970031938,-0.8364842899991641,32528.0,True,False,True,True,True,False,False,False,False,True,False,False,True,False,False,False,False,False,False,True,False,False,False,False,False,False,True,False,False,True,False,False,False,False,True
0.0,-1.5363776544108059,-0.43127377661106914,-0.4241194233423399,-0.887350647329742,0.3882366384026683,1.6196656305151633,1.5306020688796305,-1.1320913454279689,-0.16627789525542636,1.6405438868164464,-1.2765444970031938,-0.8364842899991641,34028.0,True,False,True,True,True,False,False,False,False,True,False,False,True,False,False,False,False,False,False,True,False,False,False,False,False,False,True,False,False,True,False,False,False,False,True
0.0,-1.5363776544108059,-0.43127377661106914,-0.4241194233423399,-0.887350647329742,0.4735065822781295,1.6196656305151633,1.5306020688796305,-1.1320913454279689,-0.16627789525542636,1.6405438868164464,-1.2765444970031938,-0.8364842899991641,37028.0,True,False,True,True,False,False,False,False,False,True,False,False,True,False,False,False,False,False,False,True,False,False,False,False,False,False,True,False,False,True,False,False,False,False,True
0.0,-0.44569504278701744,0.5938261451582354,0.2914486020505846,0.5870165820796777,0.04521890963092668,0.12364776159432388,0.4834978878130247,2.0398898101588667,-0.36652868582667086,1.907007891098389e-15,-0.34010127109939103,0.046105433307040304,9295.0,False,False,True,False,False,False,False,True,True,False,False,True,False,False,False,False,False,False,False,True,False,False,False,True,False,False,False,False,True,False,False,False,False,False,False
0.0,-0.44569504278701744,0.21144760291095585,0.33915313707677686,-1.3378517452048428,-0.1853975294867979,0.12364776159432388,0.4834978878130247,2.0398898101588667,-0.36652868582667086,1.907007891098389e-15,-0.34010127109939103,0.046105433307040304,9895.0,False,False,True,True,False,True,False,False,True,False,False,True,False,False,False,False,False,False,False,True,False,False,False,False,False,True,False,False,True,False,False,False,False,False,False
0.8772875856031495,0.0500697806783414,1.0087475420648584,0.2914486020505846,0.9556083894320319,0.19831721795277746,-0.1417747635367928,0.7826705109749121,-0.592854548978207,-0.21383745801609677,0.2776386089763231,-0.6522490130673253,-0.3951894283460619,11850.0,False,False,True,True,False,True,False,False,True,False,False,True,False,False,False,False,False,False,False,True,False,False,False,False,False,False,True,False,True,False,False,False,False,False,False
-0.5639705907448818,0.0500697806783414,1.0087475420648584,0.2914486020505846,0.9556083894320319,0.2700214889389607,-0.1417747635367928,0.7826705109749121,-0.592854548978207,-0.21634059289823726,0.2776386089763231,-0.6522490130673253,-0.3951894283460619,12170.0,False,False,True,False,False,False,True,False,True,False,False,True,False,False,False,False,False,False,False,True,False,False,False,False,False,True,False,False,True,False,False,False,False,False,False
0.8772875856031495,0.0500697806783414,1.0087475420648584,0.2914486020505846,0.9556083894320319,0.2932769281777229,-0.1417747635367928,-2.956987278548677,-3.7648357045650425,-0.21634059289823726,0.2776386089763231,-0.6522490130673253,-0.3951894283460619,15040.0,False,False,True,True,False,True,False,False,True,False,False,True,False,False,False,False,False,False,False,True,False,False,False,False,False,False,True,False,True,False,False,False,False,False,False
-0.5639705907448818,0.0500697806783414,1.0087475420648584,0.2914486020505846,0.9556083894320319,0.392112544942462,-0.1417747635367928,0.7826705109749121,-0.592854548978207,-0.21634059289823726,0.2776386089763231,-0.6522490130673253,-0.3951894283460619,15510.0,False,False,True,False,False,False,True,False,True,False,False,True,False,False,False,False,False,False,False,True,False,False,False,False,False,True,False,False,True,False,False,False,False,False,False
0.8772875856031495,0.0500697806783414,1.0087475420648584,0.2914486020505846,0.9556083894320319,0.48901020843730425,-0.1417747635367928,0.7826705109749121,-0.592854548978207,-0.29143463936245406,0.8018329466071397,-0.9643967550352597,-0.6893860027814634,18150.0,False,True,True,True,False,True,False,False,True,False,False,False,False,False,False,False,False,False,False,True,False,False,False,False,False,False,True,False,True,False,False,False,False,True,False
-0.5639705907448818,0.0500697806783414,1.0087475420648584,0.2914486020505846,0.9556083894320319,0.5645903859632813,-0.1417747635367928,0.7826705109749121,-0.592854548978207,-0.29143463936245406,0.8018329466071397,-0.9643967550352597,-0.6893860027814634,18620.0,False,True,True,False,False,False,True,False,True,False,False,False,False,False,False,False,False,False,False,True,False,False,False,False,False,True,False,False,True,False,False,False,False,True,False
-1.2219362799472437,-0.8423069015593031,-1.4075594163913596,-1.18739198376146,-0.027303096840913615,-0.9799583701445045,-0.7208784547319564,1.0818431341367996,-2.84496116944486,-0.29143463936245406,-0.4562334637068202,0.9084896967723461,0.7815968693955441,5118.0,False,False,True,True,False,True,False,False,True,False,False,False,True,False,False,True,False,False,False,False,False,False,False,False,False,True,False,False,True,False,False,False,False,False,False
-1.2219362799472437,-0.8423069015593031,-1.326202279743002,-1.0919829137090686,-0.027303096840913615,-0.8443016412517252,-0.45545592960083975,1.0818431341367996,-1.9568064458805452,-0.36652868582667086,-1.5046221389684535,0.1281203418525104,0.046105433307040304,7053.0,False,False,True,True,False,True,False,False,True,False,False,False,True,False,False,True,False,False,False,False,False,False,False,False,False,True,False,False,True,False,False,False,False,False,False
-1.2219362799472437,-0.9084088780213518,-1.375016561732016,-0.9965738436566808,0.7917898083865414,-0.6117472488641038,-0.45545592960083975,1.0818431341367996,-1.9568064458805452,-0.36652868582667086,-1.5046221389684535,0.1281203418525104,0.046105433307040304,7603.0,False,False,True,True,False,True,False,False,False,False,False,False,True,False,False,True,False,False,False,False,False,False,False,False,False,True,False,False,True,False,False,False,False,False,False
-0.6266339897165353,-0.26391460751638446,-0.17906665300116123,-0.2333012832375573,-0.5187588399773878,-0.7958528095043041,-0.45545592960083975,1.0818431341367996,-1.9568064458805452,-0.16627789525542636,-0.6659111987591468,1.0645635677563132,0.9286951566132448,7126.0,False,False,True,False,False,False,True,False,True,False,False,False,True,False,False,True,False,False,False,False,False,False,False,True,False,False,False,False,True,False,False,False,False,False,False
-0.6266339897165353,-0.26391460751638446,-0.17906665300116123,-0.2333012832375573,-0.5187588399773878,-0.7086449123589461,-0.45545592960083975,1.0818431341367996,-1.9568064458805452,-0.16627789525542636,-1.5046221389684535,0.4402680838204447,0.3403020077424418,7775.0,False,False,True,False,False,False,True,False,True,False,False,False,True,False,False,True,False,False,False,False,False,False,False,True,False,False,False,False,True,False,False,False,False,False,False
-0.6266339897165353,-0.26391460751638446,-0.17906665300116123,-0.2333012832375573,-0.5187588399773878,-0.4179519218744193,-0.45545592960083975,1.0818431341367996,-1.9568064458805452,-0.29143463936245406,0.17279974145015975,0.1281203418525104,0.19320372052474105,9960.0,False,False,True,False,False,False,True,False,True,False,False,False,True,False,False,False,False,False,False,True,False,False,False,True,False,False,False,False,True,False,False,False,False,False,False
-0.6266339897165353,-0.29696559574740883,-0.17906665300116123,-0.2333012832375573,0.21842477472732055,-0.3307440247290613,-0.45545592960083975,1.0818431341367996,-1.9568064458805452,-0.29143463936245406,-0.6659111987591468,-0.1840274001154239,-0.8364842899991641,9233.0,False,False,True,False,False,False,True,False,False,False,False,False,True,False,False,True,False,False,False,False,False,False,False,True,False,False,False,False,True,False,False,False,False,False,False
-0.6266339897165353,-0.29696559574740883,-0.17906665300116123,-0.2333012832375573,0.21842477472732055,-0.08849986599195564,-0.45545592960083975,1.0818431341367996,-1.9568064458805452,-0.616842174040726,-0.6659111987591468,-0.1840274001154239,-0.2480911411283612,11259.0,False,True,True,False,False,False,True,False,False,False,False,False,True,False,False,False,False,False,False,True,False,False,False,True,False,False,False,False,True,False,False,False,False,False,False
-1.0339460830322833,-0.29696559574740883,-0.057030948028624934,-0.2333012832375573,-0.313985613670524,-0.5148495853692616,-0.45545592960083975,1.0818431341367996,-1.9568064458805452,-0.29143463936245406,-0.6659111987591468,0.4402680838204447,0.19320372052474105,7463.0,False,False,True,False,False,False,False,True,True,False,False,False,True,False,False,True,False,False,False,False,False,False,False,True,False,False,False,False,True,False,False,False,False,False,False
-1.0339460830322833,-0.29696559574740883,-0.057030948028624934,-0.2333012832375573,-0.313985613670524,-0.19508729583628212,-0.45545592960083975,1.0818431341367996,-1.9568064458805452,-0.29143463936245406,0.17279974145015975,-0.027953529131456746,0.046105433307040304,10198.0,False,False,True,False,False,False,False,True,True,False,False,False,True,False,False,False,False,False,False,True,False,False,False,True,False,False,False,False,True,False,False,False,False,False,False
-1.1592728809755903,-0.31349108986291985,-0.04889523436378965,-0.2333012832375573,0.46415264629555764,-0.2629156602826717,-0.45545592960083975,1.0818431341367996,-1.9568064458805452,-0.29143463936245406,-0.6659111987591468,-0.34010127109939103,-0.2480911411283612,8013.0,False,False,True,False,False,False,False,True,False,False,False,False,True,False,False,True,False,False,False,False,False,False,False,True,False,False,False,False,True,False,False,False,False,False,False
-1.1592728809755903,-0.31349108986291985,-0.04889523436378965,-0.2333012832375573,0.46415264629555764,0.1828135917936027,-0.45545592960083975,1.0818431341367996,-1.9568064458805452,-0.616842174040726,-0.6659111987591468,-0.34010127109939103,-1.1306808644345656,11694.0,False,True,True,False,False,False,False,True,False,False,False,False,True,False,False,False,False,False,False,True,False,False,False,True,False,False,False,False,True,False,False,False,False,False,False
-1.0966094820039367,-0.5117970192490638,-1.2611165704243175,-1.0919829137090686,0.30033406525006723,-1.1059253326877994,-0.8415250570642822,-1.0497618058916471,-0.7197337952016806,-0.29143463936245406,-0.6659111987591468,1.5327851807082147,1.2228917310486462,5348.0,False,False,True,True,False,True,False,False,True,False,False,True,False,False,False,True,False,False,False,False,False,False,False,False,True,False,False,False,True,False,False,False,False,False,False
-1.0966094820039367,-0.5117970192490638,-1.2611165704243175,-1.0919829137090686,0.30033406525006723,-0.9993379028434729,-0.8415250570642822,-1.0497618058916471,-0.7197337952016806,-0.29143463936245406,-0.6659111987591468,0.9084896967723461,1.0757934438309456,6338.0,False,False,True,True,False,True,False,False,True,False,False,True,False,False,False,True,False,False,False,False,False,False,False,False,True,False,False,False,True,False,False,False,False,False,False
-1.5039215753196846,-0.5117970192490638,-1.2611165704243175,-1.0919829137090686,0.30033406525006723,-1.047786734590894,-0.8415250570642822,-1.0497618058916471,-0.7197337952016806,-0.29143463936245406,-0.6659111987591468,0.9084896967723461,1.0757934438309456,6488.0,False,False,True,False,False,True,False,False,True,False,False,True,False,False,False,True,False,False,False,False,False,False,False,False,True,False,False,False,True,False,False,False,False,False,False
-1.4099264768622044,-0.5117970192490638,-0.3661880672923845,-1.0919829137090686,2.1842477472732145,-0.53422911806823,-0.8415250570642822,-1.0497618058916471,-0.7197337952016806,-0.29143463936245406,-0.6659111987591468,0.9084896967723461,0.9286951566132448,6918.0,False,False,True,False,False,False,False,True,True,False,False,True,False,False,False,True,False,False,False,False,False,False,False,True,False,False,False,False,True,False,False,False,False,False,False
-1.2845996789188974,-0.5117970192490638,-0.3661880672923845,-1.0919829137090686,2.1842477472732145,-0.5148495853692616,-0.8415250570642822,-1.0497618058916471,-0.7197337952016806,-0.29143463936245406,-0.6659111987591468,0.28419421283647756,0.19320372052474105,7898.0,False,False,True,False,False,False,False,True,False,False,False,True,False,False,False,True,False,False,False,False,False,False,False,True,False,False,False,False,True,False,False,False,False,False,False
-0.9712826840606297,-0.5117970192490638,-0.3661880672923845,-1.0919829137090686,2.1842477472732145,1.0742720959461516,-0.8415250570642822,-1.0497618058916471,-0.7197337952016806,-0.29143463936245406,-0.6659111987591468,0.28419421283647756,0.19320372052474105,8778.0,False,False,True,False,False,False,False,True,False,False,False,True,False,False,False,True,False,False,False,False,False,False,False,True,False,False,False,False,True,False,False,False,False,False,False
-0.9712826840606297,-0.5117970192490638,-0.6428023318967983,-0.7103466334995069,-0.313985613670524,-0.9198818187777023,-0.6967491342654912,-0.5262097153583443,-0.7197337952016806,-0.29143463936245406,-0.6659111987591468,0.752415825788379,0.9286951566132448,6938.0,False,False,True,False,False,False,True,False,True,False,False,True,False,False,False,True,False,False,False,False,False,False,False,True,False,False,False,False,True,False,False,False,False,False,False
-0.9712826840606297,-0.5117970192490638,-0.6428023318967983,-0.7103466334995069,-0.3958949041932707,-0.8656191272205905,-0.6967491342654912,-0.5262097153583443,-0.7197337952016806,-0.29143463936245406,-0.6659111987591468,0.752415825788379,0.9286951566132448,7198.0,False,False,True,False,False,True,False,False,True,False,False,True,False,False,False,True,False,False,False,False,False,False,False,True,False,False,False,False,True,False,False,False,False,False,False
-0.9712826840606297,-0.5117970192490638,-0.6428023318967983,-0.7103466334995069,-0.313985613670524,-0.5439188844177143,-0.40719728866790944,-0.22703709219645693,0.29530017458610763,3.0877974515272943,-1.2949444039161269,1.3767113097242476,0.7815968693955441,7898.0,False,False,False,False,False,False,True,False,True,False,False,True,False,False,False,False,False,True,False,False,False,False,False,True,False,False,False,False,True,False,False,False,False,False,False
-0.9712826840606297,-0.5117970192490638,-0.6428023318967983,-0.7103466334995069,-0.3958949041932707,-0.5439188844177143,-0.40719728866790944,-0.22703709219645693,0.29530017458610763,3.0877974515272943,-1.2949444039161269,2.001006793660116,2.399678028790252,7788.0,False,False,False,False,False,True,False,False,True,False,False,True,False,False,False,False,False,True,False,False,False,False,False,True,False,False,False,False,True,False,False,False,False,False,False
-0.9712826840606297,-0.5117970192490638,-0.6428023318967983,-0.7103466334995069,-0.313985613670524,-0.8946884262690432,-0.6967491342654912,-0.5262097153583443,-0.7197337952016806,-0.29143463936245406,-0.6659111987591468,2.001006793660116,2.399678028790252,7738.0,False,False,True,False,False,False,True,False,True,False,False,True,False,False,False,True,False,False,False,False,False,False,False,True,False,False,False,False,True,False,False,False,False,False,False
-0.9712826840606297,-0.5117970192490638,-0.6428023318967983,-0.7103466334995069,-0.3958949041932707,-0.8404257347119316,-0.6967491342654912,-0.5262097153583443,-0.7197337952016806,-0.29143463936245406,-0.6659111987591468,0.4402680838204447,0.48740029496014253,8358.0,False,False,True,False,False,True,False,False,True,False,False,True,False,False,False,True,False,False,False,False,False,False,False,True,False,False,False,False,True,False,False,False,False,False,False
-0.9712826840606297,-0.5117970192490638,-0.6428023318967983,-0.7103466334995069,-0.3958949041932707,-0.8055425758537884,-0.6967491342654912,-0.5262097153583443,-0.7197337952016806,-0.29143463936245406,-0.6659111987591468,0.4402680838204447,0.48740029496014253,9258.0,False,False,True,False,False,False,True,False,True,False,False,True,False,False,False,True,False,False,False,False,False,False,False,True,False,False,False,False,True,False,False,False,False,False,False
1.4412581763480312,-0.7101029486352078,-0.44754520394074204,-0.9011647736042895,-0.4778041947160145,-0.7493419310267798,-0.6967491342654912,-0.5262097153583443,-0.7197337952016806,-0.29143463936245406,-0.6659111987591468,0.5963419548044119,0.48740029496014253,8058.0,False,False,True,True,False,False,True,False,False,True,False,True,False,False,False,True,False,False,False,False,False,False,False,False,True,False,False,False,True,False,False,False,False,False,False
1.4412581763480312,-0.7101029486352078,-0.44754520394074204,-0.9011647736042895,-0.4778041947160145,-0.6815135665803903,-0.6967491342654912,-0.5262097153583443,-0.7197337952016806,-0.29143463936245406,-0.6659111987591468,0.5963419548044119,0.48740029496014253,8238.0,False,False,True,True,False,True,False,False,False,True,False,True,False,False,False,True,False,False,False,False,False,False,False,False,True,False,False,False,True,False,False,False,False,False,False
1.4412581763480312,-0.7101029486352078,-0.44754520394074204,-0.9011647736042895,-0.4778041947160145,-0.5632984171166827,-0.6967491342654912,-0.33922682588216385,-0.561134737422338,-0.1913092440768318,3.108288032182733,0.1281203418525104,-0.2480911411283612,9298.0,False,False,True,True,False,False,True,False,False,True,False,False,False,False,False,False,False,False,False,True,False,False,False,False,True,False,False,False,True,False,False,False,False,False,False
1.4412581763480312,-0.7101029486352078,-0.44754520394074204,-0.9011647736042895,-0.4778041947160145,-0.49547005267029315,-0.6967491342654912,-0.33922682588216385,-0.561134737422338,-0.1913092440768318,3.108288032182733,0.1281203418525104,-0.2480911411283612,9538.0,False,False,True,True,False,True,False,False,False,True,False,False,False,False,False,False,False,False,False,True,False,False,False,False,True,False,False,False,True,False,False,False,False,False,False
0.37598039382992116,-0.06560867813024045,0.1626333209219395,-0.1378922131851728,-0.7235320662842516,-0.03036126789505028,0.461458248124836,1.0818431341367996,0.7710973479241326,-0.21634059289823726,-0.6659111987591468,-0.1840274001154239,-0.10099285391066044,8449.0,False,False,True,True,True,False,False,False,False,True,False,True,False,False,False,False,False,False,False,True,False,False,False,False,False,True,False,False,True,False,False,False,False,False,False
0.37598039382992116,-0.06560867813024045,0.1626333209219395,-0.1378922131851728,-0.7235320662842516,-0.03811308097463766,0.461458248124836,1.0818431341367996,0.7710973479241326,-0.21634059289823726,-0.6659111987591468,-0.1840274001154239,-0.10099285391066044,9639.0,False,False,True,True,True,False,False,False,False,True,False,True,False,False,False,False,False,False,False,True,False,False,False,False,False,True,False,False,True,False,False,False,False,False,False
0.37598039382992116,-0.06560867813024045,0.1626333209219395,-0.1378922131851728,-0.7235320662842516,-0.009043781926184984,0.461458248124836,1.0818431341367996,0.7710973479241326,-0.21634059289823726,-0.6659111987591468,-0.1840274001154239,-0.10099285391066044,9989.0,False,False,True,True,False,True,False,False,False,True,False,True,False,False,False,False,False,False,False,True,False,False,False,False,False,True,False,False,True,False,False,False,False,False,False
0.37598039382992116,-0.06560867813024045,0.1626333209219395,-0.1378922131851728,-0.7235320662842516,0.23901423662061122,0.461458248124836,1.0818431341367996,0.7710973479241326,-0.21634059289823726,-0.6659111987591468,-0.1840274001154239,-0.10099285391066044,11199.0,False,False,True,True,True,False,False,False,False,True,False,True,False,False,False,False,False,False,False,True,False,False,False,False,False,True,False,False,True,False,False,False,False,False,False
0.37598039382992116,-0.06560867813024045,0.1626333209219395,-0.1378922131851728,-0.7235320662842516,0.3068426010670008,0.461458248124836,1.0818431341367996,0.7710973479241326,-0.21634059289823726,-0.6659111987591468,-0.1840274001154239,-0.10099285391066044,11549.0,False,False,True,True,False,True,False,False,False,True,False,True,False,False,False,False,False,False,False,True,False,False,False,False,False,True,False,False,True,False,False,False,False,False,False
0.37598039382992116,-0.06560867813024045,0.1626333209219395,-0.1378922131851728,-0.313985613670524,0.8126484045100774,0.461458248124836,1.0818431341367996,0.7710973479241326,-0.21634059289823726,-0.6659111987591468,-0.1840274001154239,-0.10099285391066044,17669.0,False,False,True,True,False,False,False,False,False,True,False,True,False,False,False,False,False,False,False,True,False,False,False,False,False,True,False,False,True,False,False,False,False,False,False
-1.7859068706921257,0.595411086490238,0.11381903893292543,0.2914486020505846,0.46415264629555764,-0.4450832676529752,-0.11764544307032763,-0.07745078061551325,0.8979765941476062,-0.36652868582667086,-1.9239776090731067,0.5963419548044119,0.48740029496014253,8948.0,False,False,True,False,False,False,True,False,True,False,False,True,False,False,False,False,False,False,False,True,False,False,True,False,False,False,False,False,True,False,False,False,False,False,False
-1.7859068706921257,0.595411086490238,0.11381903893292543,0.2914486020505846,0.46415264629555764,-0.146638464088861,-0.40719728866790944,-0.22703709219645693,0.29530017458610763,3.0877974515272943,-1.2949444039161269,0.752415825788379,0.3403020077424418,10698.0,False,True,False,False,False,False,True,False,True,False,False,True,False,False,False,False,False,True,False,False,False,False,True,False,False,False,False,False,True,False,False,False,False,False,False
-1.7859068706921257,0.595411086490238,0.11381903893292543,0.2914486020505846,0.05460619368183014,-0.2745433799020528,-0.11764544307032763,-0.07745078061551325,0.8979765941476062,-0.36652868582667086,-1.9239776090731067,0.28419421283647756,0.19320372052474105,9988.0,False,False,True,False,False,True,False,False,True,False,False,True,False,False,False,False,False,False,False,True,False,False,True,False,False,False,False,False,True,False,False,False,False,False,False
-1.7859068706921257,0.595411086490238,0.11381903893292543,0.2914486020505846,0.46415264629555764,-0.2745433799020528,-0.11764544307032763,-0.07745078061551325,0.8979765941476062,-0.36652868582667086,-1.9239776090731067,0.28419421283647756,0.19320372052474105,10898.0,False,False,True,False,False,False,True,False,True,False,False,True,False,False,False,False,False,False,False,True,False,False,True,False,False,False,False,False,True,False,False,False,False,False,False
-1.7859068706921257,0.595411086490238,0.11381903893292543,0.2914486020505846,0.05460619368183014,-0.18927343602659158,-0.11764544307032763,-0.07745078061551325,0.8979765941476062,-0.36652868582667086,-1.9239776090731067,0.28419421283647756,0.19320372052474105,11248.0,False,False,True,False,False,True,False,False,True,False,False,True,False,False,False,False,False,False,False,True,False,False,True,False,False,False,False,False,True,False,False,False,False,False,False
2.3498774614370075,0.6780385570677978,0.7565404184549505,0.8639030223649254,-0.7235320662842516,0.8145863577799742,1.0646912597864648,-0.22703709219645693,0.29530017458610763,-0.21634059289823726,0.17279974145015975,-0.8083228840512925,-0.9835825772168649,16558.0,False,False,True,True,False,True,False,False,False,True,False,False,False,False,False,False,False,False,False,True,False,False,False,False,False,False,True,False,False,True,False,False,False,True,False
2.3498774614370075,0.6780385570677978,0.7565404184549505,0.8639030223649254,-0.7235320662842516,0.892104488575848,1.0646912597864648,-0.22703709219645693,0.29530017458610763,-0.21634059289823726,0.17279974145015975,-0.9643967550352597,-0.9835825772168649,15998.0,False,False,True,True,False,True,False,False,False,True,False,False,False,False,False,False,False,False,False,True,False,False,False,False,False,False,True,False,False,True,False,False,False,True,False
-1.0026143835464565,0.9424464629159882,1.1063761060428887,0.2914486020505846,0.13651548420457682,1.1149691146139853,1.0646912597864648,-0.22703709219645693,0.29530017458610763,-0.24137194171964318,0.17279974145015975,-0.8083228840512925,-0.9835825772168649,15690.0,False,False,True,False,False,False,True,False,False,True,False,False,False,False,False,False,False,False,False,True,False,False,True,False,False,False,False,False,False,True,False,False,False,True,False
0.0,0.9424464629159882,1.1063761060428887,0.2914486020505846,0.13651548420457682,1.1537281800119221,0.8233980551218133,-0.22703709219645693,0.29530017458610763,-0.24137194171964318,0.17279974145015975,-0.9643967550352597,-0.9835825772168649,15750.0,False,False,True,False,False,False,False,True,False,True,False,False,False,False,False,False,False,False,False,True,False,False,True,False,False,False,False,False,False,True,False,False,False,True,False
0.0,-0.24738911340087344,-0.20347379399566942,-0.18559674821136504,0.7917898083865414,-0.5710502301962701,-0.7208784547319564,-1.1993481174725908,0.4538992323654488,3.212954195634322,-0.6659111987591468,1.844932922676149,2.2525797415725517,7775.0,False,False,False,True,False,False,True,False,True,False,False,True,False,False,False,False,False,True,False,False,False,False,False,False,False,True,False,False,True,False,False,False,False,False,False
0.0,-0.24738911340087344,-0.20347379399566942,-0.18559674821136504,0.7917898083865414,-0.671823800230906,-0.4313266091343746,-0.5262097153583443,0.4538992323654488,-0.29143463936245406,0.2776386089763231,0.28419421283647756,0.48740029496014253,7975.0,False,False,True,True,False,False,True,False,True,False,False,True,False,False,False,False,False,False,False,True,False,False,False,False,False,True,False,False,True,False,False,False,False,False,False
-0.8772875856031495,-0.24738911340087344,-0.20347379399566942,-0.18559674821136504,0.7917898083865414,-0.5652363703865796,-0.7208784547319564,-1.1993481174725908,0.4538992323654488,3.212954195634322,-0.6659111987591468,1.844932922676149,2.2525797415725517,7995.0,False,False,False,False,False,False,True,False,True,False,False,True,False,False,False,False,False,True,False,False,False,False,False,False,False,True,False,False,True,False,False,False,False,False,False
-0.8772875856031495,-0.24738911340087344,-0.20347379399566942,-0.18559674821136504,0.7917898083865414,-0.6660099404212155,-0.4313266091343746,-0.5262097153583443,0.4538992323654488,-0.29143463936245406,0.2776386089763231,0.28419421283647756,0.48740029496014253,8195.0,False,False,True,False,False,False,True,False,True,False,False,True,False,False,False,False,False,False,False,True,False,False,False,False,False,True,False,False,True,False,False,False,False,False,False
-0.8772875856031495,-0.24738911340087344,-0.20347379399566942,-0.18559674821136504,0.7917898083865414,-0.5439188844177143,-0.4313266091343746,-0.5262097153583443,0.4538992323654488,-0.29143463936245406,0.2776386089763231,0.28419421283647756,0.48740029496014253,8495.0,False,False,True,False,False,False,True,False,True,False,False,True,False,False,False,False,False,False,False,True,False,False,False,False,False,True,False,False,True,False,False,False,False,False,False
-0.8772875856031495,-0.24738911340087344,-0.20347379399566942,-0.18559674821136504,0.7917898083865414,-0.4586489405422531,-0.7208784547319564,-1.1993481174725908,0.4538992323654488,3.212954195634322,-1.2949444039161269,1.844932922676149,1.6641865927017485,9495.0,False,True,False,False,False,False,True,False,True,False,False,True,False,False,False,False,False,True,False,False,False,False,False,False,False,True,False,False,True,False,False,False,False,False,False
-0.8772875856031495,-0.24738911340087344,-0.20347379399566942,-0.18559674821136504,0.7917898083865414,-0.49547005267029315,-0.4313266091343746,-0.5262097153583443,0.4538992323654488,-0.04112115114839865,0.8018329466071397,0.1281203418525104,0.19320372052474105,9995.0,False,False,True,False,False,False,True,False,True,False,False,True,False,False,False,False,False,False,False,True,False,False,False,False,False,True,False,False,True,False,False,False,False,False,False
0.0,-0.7101029486352078,-1.212302288435301,-0.8057557035518982,0.7508351631251681,-0.584615903085548,-0.4313266091343746,-0.5262097153583443,0.4538992323654488,-0.41659138346948177,0.8018329466071397,-0.1840274001154239,-0.2480911411283612,11595.0,False,False,True,True,False,False,False,False,True,False,False,True,False,False,False,False,False,False,False,True,False,False,False,False,False,False,True,False,True,False,False,False,False,False,False
4.198447731100787,-0.7101029486352078,-0.6916166138858146,-0.9011647736042895,-0.9692599378524887,-0.6485683609921439,-0.4313266091343746,-0.5262097153583443,0.4538992323654488,-0.41659138346948177,0.8018329466071397,-0.1840274001154239,-0.2480911411283612,9980.0,False,False,True,True,False,True,False,False,True,False,False,True,False,False,False,False,False,False,False,True,False,False,False,False,False,False,True,False,True,False,False,False,False,False,False
0.0,0.2649012041799988,0.4880618675153696,0.48226674215536713,0.5460619368183043,0.204131077762468,0.22016504346018448,-0.5262097153583443,0.4538992323654488,-0.41659138346948177,0.8018329466071397,-0.9643967550352597,-0.9835825772168649,13295.0,False,False,True,False,False,False,True,False,True,False,False,True,False,False,False,False,False,False,False,True,False,False,False,True,False,False,False,True,False,False,False,False,False,False,False
0.0,0.2649012041799988,0.4880618675153696,0.48226674215536713,0.5460619368183043,0.04521890963092668,-0.7208784547319564,-1.1993481174725908,0.4538992323654488,3.212954195634322,-1.2949444039161269,1.2206374387402805,1.0757934438309456,13845.0,False,True,False,False,False,False,True,False,True,False,False,True,False,False,False,False,False,True,False,False,False,False,False,True,False,False,False,False,True,False,False,False,False,False,False
0.0,0.2649012041799988,0.723997563795607,0.48226674215536713,0.5460619368183043,0.01421165731257716,-0.4313266091343746,-0.5262097153583443,0.4538992323654488,-0.29143463936245406,0.8018329466071397,-0.027953529131456746,0.046105433307040304,12290.0,False,False,True,False,False,False,False,True,True,False,False,True,False,False,False,False,False,False,False,True,False,False,False,True,False,False,False,False,True,False,False,False,False,False,False
-0.5953022902307086,0.9093954746849638,1.1877332426912464,0.6253803472339506,0.9965630346934051,0.6905573485065761,0.3408116457925102,1.6801883804605726,-0.33909605653125996,-0.16627789525542636,0.5921552115548131,-0.34010127109939103,-0.3951894283460619,12940.0,False,False,True,False,False,False,True,False,False,True,False,True,False,False,False,False,False,False,False,True,False,False,False,False,False,False,False,False,True,False,False,False,False,False,False
-1.5039215753196846,0.9093954746849638,1.1877332426912464,0.6253803472339506,1.5289734230912497,0.9269876474339913,0.3408116457925102,1.6801883804605726,-0.33909605653125996,-0.16627789525542636,0.5921552115548131,-0.34010127109939103,-0.3951894283460619,13415.0,False,False,True,False,False,False,False,True,False,True,False,True,False,False,False,False,False,False,False,True,False,False,True,False,False,False,False,False,True,False,False,False,False,False,False
-0.5953022902307086,0.9093954746849638,1.1877332426912464,0.6253803472339506,0.9965630346934051,0.7351302737142036,0.3408116457925102,1.6801883804605726,-0.33909605653125996,-0.16627789525542636,0.5921552115548131,-0.1840274001154239,-0.3951894283460619,15985.0,False,False,True,False,False,False,True,False,False,True,False,True,False,False,False,False,False,False,False,True,False,False,False,False,False,False,False,False,True,False,False,False,False,False,False
-1.5039215753196846,0.9093954746849638,1.1877332426912464,0.6253803472339506,1.5289734230912497,0.942491273593166,0.3408116457925102,1.6801883804605726,-0.33909605653125996,-0.16627789525542636,0.5921552115548131,-0.1840274001154239,-0.3951894283460619,16515.0,False,False,True,False,False,False,False,True,False,True,False,True,False,False,False,False,False,False,False,True,False,False,True,False,False,False,False,False,True,False,False,False,False,False,False
-0.5953022902307086,0.9093954746849638,1.1877332426912464,0.6253803472339506,0.9965630346934051,0.9483051334028566,0.07538912066139358,1.0818431341367996,-0.33909605653125996,-0.6669048716835372,-0.036877993602166904,-1.2765444970031938,-1.2777791516522663,18420.0,False,True,True,False,False,False,True,False,False,True,False,True,False,False,False,False,False,False,False,True,False,False,False,False,False,False,False,False,True,False,False,False,False,True,False
-1.5039215753196846,0.9093954746849638,1.1877332426912464,0.6253803472339506,1.5289734230912497,1.1653558996313031,0.07538912066139358,1.0818431341367996,-0.33909605653125996,-0.6669048716835372,-0.036877993602166904,-1.2765444970031938,-1.2777791516522663,18950.0,False,True,True,False,False,False,False,True,False,True,False,True,False,False,False,False,False,False,False,True,False,False,True,False,False,False,False,False,True,False,False,False,False,True,False
-0.8459558861173226,1.7026191922295375,1.1877332426912464,1.4363574426792665,0.7098805178637947,0.76807547930245,0.3408116457925102,1.6801883804605726,-0.33909605653125996,-0.16627789525542636,0.5921552115548131,-0.34010127109939103,-0.3951894283460619,16845.0,False,False,True,False,False,False,True,False,False,True,False,True,False,False,False,False,False,False,False,True,False,False,True,False,False,False,False,False,True,False,False,False,False,False,False
-0.8459558861173226,1.7026191922295375,1.1877332426912464,1.3886529076530674,0.7098805178637947,0.956056946482444,0.3408116457925102,1.6801883804605726,-0.33909605653125996,-0.36652868582667086,0.3824774765024864,-0.9643967550352597,-0.8364842899991641,19045.0,False,True,True,False,False,False,True,False,False,True,False,True,False,False,False,False,False,False,False,True,False,False,True,False,False,False,False,False,True,False,False,False,False,True,False
-0.8459558861173226,1.7026191922295375,1.1877332426912464,1.4363574426792665,0.7098805178637947,0.8843526754962606,1.112949900719395,0.9322568225558557,-1.2272507800955732,-0.34149733700526497,0.8018329466071397,-1.1204706260192268,-1.1306808644345656,21485.0,False,False,True,False,False,False,True,False,False,True,False,False,False,True,False,False,False,False,False,True,False,False,True,False,False,False,False,False,False,True,False,False,False,True,False
-0.8459558861173226,1.7026191922295375,1.1877332426912464,1.4363574426792665,0.7098805178637947,1.2816330958251139,0.43732892765837084,-1.1993481174725908,0.4538992323654488,3.212954195634322,-0.6659111987591468,0.1281203418525104,-0.5422877155637627,22470.0,False,True,False,False,False,False,True,False,False,True,False,True,False,False,False,False,False,True,False,False,False,False,True,False,False,False,False,False,False,True,False,False,False,False,False
-0.8459558861173226,1.7026191922295375,1.1877332426912464,1.4363574426792665,0.7098805178637947,0.9812503389911029,0.3408116457925102,1.6801883804605726,-0.33909605653125996,-0.16627789525542636,0.5921552115548131,-0.9643967550352597,-0.8364842899991641,22625.0,False,True,True,False,False,False,True,False,False,True,False,True,False,False,False,False,False,False,False,True,False,False,True,False,False,False,False,False,True,False,False,False,False,False,False
